track,task_id,property,gold,unit,value_transform,old_lower_tolerance,old_upper_tolerance,candidate_lower_tolerance,candidate_upper_tolerance,interval_space,zero_lower_bound,zero_upper_bound,score90_lower_bound,score90_upper_bound,review_status,issue_origin,assessment,required_evidence,sources
property_calculation_basic,property_calculation_basic_001_toluene_aqueous_solvation_free_energy,aqueous_solvation_free_energy,-0.82,kcal/mol,identity,3.0,3.0,0.9870000000000001,0.9870000000000001,x,-1.807,0.16700000000000015,-0.9187,-0.7212999999999999,reference_reconciliation,prior_gold_choice_and_candidate,FreeSolv实验中心与expert gold不同；候选90分误差约0.10–0.15 kcal/mol，不能将默认uncertainty或本轮拟合边界直接作为科学容差。,明确预测实验值还是复现指定方法；温度、标准态和原始gold协议。,R1;R2
property_calculation_basic,property_calculation_basic_002_ethanol_aqueous_solvation_free_energy,aqueous_solvation_free_energy,-5.42,kcal/mol,identity,3.0,3.0,1.5,1.5,x,-6.92,-3.92,-5.57,-5.27,reference_reconciliation,prior_gold_choice_and_candidate,FreeSolv实验中心与expert gold不同；候选90分误差约0.10–0.15 kcal/mol，不能将默认uncertainty或本轮拟合边界直接作为科学容差。,明确预测实验值还是复现指定方法；温度、标准态和原始gold协议。,R1;R2
property_calculation_basic,property_calculation_basic_003_diethyl_ether_aqueous_solvation_free_energy,aqueous_solvation_free_energy,-2.11,kcal/mol,identity,3.0,3.0,1.26,1.26,x,-3.37,-0.8499999999999999,-2.2359999999999998,-1.984,reference_reconciliation,prior_gold_choice_and_candidate,FreeSolv实验中心与expert gold不同；候选90分误差约0.10–0.15 kcal/mol，不能将默认uncertainty或本轮拟合边界直接作为科学容差。,明确预测实验值还是复现指定方法；温度、标准态和原始gold协议。,R1;R2
property_calculation_basic,property_calculation_basic_004_anisole_aqueous_solvation_free_energy,aqueous_solvation_free_energy,-1.98,kcal/mol,identity,3.0,3.0,1.281,1.281,x,-3.261,-0.6990000000000001,-2.1081,-1.8519,reference_reconciliation,prior_gold_choice_and_candidate,FreeSolv实验中心与expert gold不同；候选90分误差约0.10–0.15 kcal/mol，不能将默认uncertainty或本轮拟合边界直接作为科学容差。,明确预测实验值还是复现指定方法；温度、标准态和原始gold协议。,R1;R2
property_calculation_basic,property_calculation_basic_005_nitrobenzene_reduction_potential,first_reduction_potential_vs_sce,-1.24,V,identity,0.6,0.6,0.5688,0.5688,x,-1.8088,-0.6712,-1.29688,-1.18312,independent_calibration,candidate_scale_choice,90分误差约16–57 mV；五题严格程度差异缺少独立校准，当前检索未确认各分子的完整原始CV数据。,逐条CV文献、半波/峰/平衡电位定义、SCE换算、介质、电解质与温度。,LOCAL
property_calculation_basic,property_calculation_basic_006_tetracyanoethylene_reduction_potential,first_reduction_potential_vs_sce,0.21,V,identity,0.6,0.6,0.5472,0.5472,x,-0.33720000000000006,0.7572,0.15527999999999997,0.26472,independent_calibration,candidate_scale_choice,90分误差约16–57 mV；五题严格程度差异缺少独立校准，当前检索未确认各分子的完整原始CV数据。,逐条CV文献、半波/峰/平衡电位定义、SCE换算、介质、电解质与温度。,LOCAL
property_calculation_basic,property_calculation_basic_007_dimethylaniline_oxidation_potential,first_oxidation_potential_vs_sce,0.83,V,identity,0.6,0.6,0.1602,0.1602,x,0.6698,0.9902,0.8139799999999999,0.84602,independent_calibration,candidate_scale_choice,90分误差约16–57 mV；五题严格程度差异缺少独立校准，当前检索未确认各分子的完整原始CV数据。,逐条CV文献、半波/峰/平衡电位定义、SCE换算、介质、电解质与温度。,LOCAL
property_calculation_basic,property_calculation_basic_008_triphenylamine_oxidation_potential,first_oxidation_potential_vs_sce,0.82,V,identity,0.6,0.6,0.3,0.3,x,0.52,1.1199999999999999,0.7899999999999999,0.85,independent_calibration,candidate_scale_choice,90分误差约16–57 mV；五题严格程度差异缺少独立校准，当前检索未确认各分子的完整原始CV数据。,逐条CV文献、半波/峰/平衡电位定义、SCE换算、介质、电解质与温度。,LOCAL
property_calculation_basic,property_calculation_basic_009_thianthrene_oxidation_potential,first_oxidation_potential_vs_sce,1.11,V,identity,0.6,0.6,0.2502,0.2502,x,0.8598000000000001,1.3602,1.08498,1.1350200000000001,independent_calibration,candidate_scale_choice,90分误差约16–57 mV；五题严格程度差异缺少独立校准，当前检索未确认各分子的完整原始CV数据。,逐条CV文献、半波/峰/平衡电位定义、SCE换算、介质、电解质与温度。,LOCAL
property_calculation_basic,property_calculation_basic_010_water_dimer_binding_energy,binding_energy,-4.97,kcal/mol,identity,3.0,3.0,0.5700000000000001,0.5700000000000001,x,-5.54,-4.3999999999999995,-5.027,-4.912999999999999,independent_calibration,candidate_scale_choice,SMILES不唯一固定非共价几何；S22/S66参考收敛误差与允许的预测误差不同，不能直接等同于零分宽度。,对应的分子/复合物几何、参考版本、CP/BSSE、形变和ZPE/热项定义。,R3;R4
property_calculation_basic,property_calculation_basic_011_ammonia_dimer_binding_energy,binding_energy,-2.85,kcal/mol,identity,3.0,3.0,1.089,1.089,x,-3.939,-1.7610000000000001,-2.9589,-2.7411000000000003,independent_calibration,candidate_scale_choice,SMILES不唯一固定非共价几何；S22/S66参考收敛误差与允许的预测误差不同，不能直接等同于零分宽度。,对应的分子/复合物几何、参考版本、CP/BSSE、形变和ZPE/热项定义。,R3;R4
property_calculation_basic,property_calculation_basic_012_benzene_t_dimer_binding_energy,binding_energy,-2.48,kcal/mol,identity,3.0,3.0,1.5,1.5,x,-3.98,-0.98,-2.63,-2.33,independent_calibration,candidate_scale_choice,SMILES不唯一固定非共价几何；S22/S66参考收敛误差与允许的预测误差不同，不能直接等同于零分宽度。,对应的分子/复合物几何、参考版本、CP/BSSE、形变和ZPE/热项定义。,R3;R4
property_calculation_basic,property_calculation_basic_013_adenine_thymine_wc_pair_binding_energy,binding_energy,-16.13,kcal/mol,identity,3.0,3.0,0.339,0.339,x,-16.468999999999998,-15.790999999999999,-16.163899999999998,-16.0961,reference_reconciliation,preexisting_structure_mapping_risk,题面SMILES为N-甲基化配对，不能直接引用未甲基化S22 A-T数值；0.0339 kcal/mol的90分精度需更强参考依据。,确认原始复合物几何、分子式、参考条目和gold计算，不预判gold一定错误。,R3;R4;LOCAL
property_calculation_basic,property_calculation_basic_014_water_methanol_complex_binding_energy,binding_energy,-4.89,kcal/mol,identity,3.0,3.0,1.5,1.5,x,-6.39,-3.3899999999999997,-5.04,-4.739999999999999,independent_calibration,candidate_scale_choice,SMILES不唯一固定非共价几何；S22/S66参考收敛误差与允许的预测误差不同，不能直接等同于零分宽度。,对应的分子/复合物几何、参考版本、CP/BSSE、形变和ZPE/热项定义。,R3;R4
property_calculation_basic,property_calculation_basic_015_ethene_ethyne_t_complex_binding_energy,binding_energy,-1.33,kcal/mol,identity,3.0,3.0,2.109,2.109,x,-3.439,0.7789999999999999,-1.5409000000000002,-1.1191,utility_policy_required,preexisting_cross_zero_width_reduced,gold=-1.33、tau=2.109；0得36.94分，+0.5得13.23。对稳定结合与不结合的误差效用需要解释，非一概非法输入。,冻结几何及相互作用定义，说明相反结合结论是否可给部分分。,R3;LOCAL
property_calculation_basic,property_calculation_basic_016_thiophene_polarizability,static_mean_polarizability,65.01,a.u.,identity,16.2525,16.2525,8.12625,8.12625,x,56.883750000000006,73.13625,64.19737500000001,65.822625,independent_calibration,candidate_scale_choice,GFN2输出的Mol. alpha与所称静态平均极化率需对应；当前宽度不是已测得的同协议重复性。,性质提取定义、固定几何、xTB版本和独立数值/几何敏感性校准。,R5;R6
property_calculation_basic,property_calculation_basic_017_benzene_polarizability,static_mean_polarizability,67.87,a.u.,identity,16.9675,16.9675,8.907937500000001,8.907937500000001,x,58.9620625,76.77793750000001,66.97920625,68.76079375,independent_calibration,candidate_scale_choice,GFN2输出的Mol. alpha与所称静态平均极化率需对应；当前宽度不是已测得的同协议重复性。,性质提取定义、固定几何、xTB版本和独立数值/几何敏感性校准。,R5;R6
property_calculation_basic,property_calculation_basic_018_octatetraene_polarizability,static_mean_polarizability,95.51,a.u.,identity,23.8775,23.8775,6.1842725000000005,6.1842725000000005,x,89.3257275,101.69427250000001,94.89157275000001,96.12842725,independent_calibration,candidate_scale_choice,GFN2输出的Mol. alpha与所称静态平均极化率需对应；当前宽度不是已测得的同协议重复性。,性质提取定义、固定几何、xTB版本和独立数值/几何敏感性校准。,R5;R6
property_calculation_basic,property_calculation_basic_019_dimethyl_sulfoxide_water_dipole_moment,dipole_moment,5.43,Debye,identity,1.9004999999999999,1.9004999999999999,0.9502499999999999,0.9502499999999999,x,4.47975,6.380249999999999,5.334975,5.525024999999999,independent_calibration,candidate_scale_choice,零分宽度是gold的17.5%，90分误差1.75%；数量级可作候选，但未通过独立复现验证。,气相几何；DMSO额外明确水溶剂模型及参数；核对同协议gold。,R5;R6
property_calculation_basic,property_calculation_basic_020_cis_dichloroethene_dipole_moment,dipole_moment,1.88,Debye,identity,0.6579999999999999,0.6579999999999999,0.32899999999999996,0.32899999999999996,x,1.551,2.2089999999999996,1.8471,1.9128999999999998,independent_calibration,candidate_scale_choice,零分宽度是gold的17.5%，90分误差1.75%；数量级可作候选，但未通过独立复现验证。,气相几何；DMSO额外明确水溶剂模型及参数；核对同协议gold。,R5;R6
property_calculation_basic,property_calculation_basic_021_acetonitrile_dipole_moment,dipole_moment,3.85,Debye,identity,1.3475,1.3475,0.67375,0.67375,x,3.17625,4.52375,3.782625,3.9173750000000003,independent_calibration,candidate_scale_choice,零分宽度是gold的17.5%，90分误差1.75%；数量级可作候选，但未通过独立复现验证。,气相几何；DMSO额外明确水溶剂模型及参数；核对同协议gold。,R5;R6
property_calculation_basic,property_calculation_basic_022_naphthalene_bridge_bond_order,wiberg_bond_order,1.2522,dimensionless,identity,0.25044,0.25044,0.12522,0.12522,x,1.12698,1.3774199999999999,1.239678,1.264722,independent_calibration,candidate_scale_choice,GFN2已约束模型/基组；仍需固定几何、分析实现和目标键。不同WBO宽度及其精确小数缺独立来源。,原始xTB输出、原子/键映射、版本和几何/SCF收敛误差。,R6;R7
property_calculation_basic,property_calculation_basic_023_dimethyl_sulfone_so_bond_order,wiberg_bond_order,1.6615,dimensionless,identity,0.33230000000000004,0.33230000000000004,0.16615000000000002,0.16615000000000002,x,1.49535,1.82765,1.644885,1.678115,independent_calibration,candidate_scale_choice,GFN2已约束模型/基组；仍需固定几何、分析实现和目标键。不同WBO宽度及其精确小数缺独立来源。,原始xTB输出、原子/键映射、版本和几何/SCF收敛误差。,R6;R7
property_calculation_basic,property_calculation_basic_024_methyl_nitrate_no_bond_order,wiberg_bond_order,0.9292,dimensionless,identity,0.18584,0.18584,0.03698216,0.03698216,x,0.89221784,0.96618216,0.925501784,0.932898216,independent_calibration,candidate_sample_boundary_fit,tau=0.03698216几乎等于一次GPT/off误差0.0369815182；数值精度来自样本边界而非独立化学证据。,固定GFN2几何、版本与键定义，在独立数据上校准合理误差再圆整。,R6;LOCAL
property_calculation_basic,property_calculation_basic_025_phenol_surface_esp_minimum,surface_electrostatic_potential_minimum,-25.95,kcal/mol,identity,10.38,10.38,6.75738,6.75738,x,-32.70738,-19.192619999999998,-26.625738,-25.274262,protocol_definition_required,preexisting_protocol_gap,表面量依赖表面定义、网格、几何和面积权重；B3LYP/6-31G**本身不足以固定表面统计量。,明确半径表面或电子密度等值面、网格与面积积分收敛。,R15
property_calculation_basic,property_calculation_basic_026_nitrobenzene_vdw_surface_area,van_der_waals_surface_area,150.3,angstrom^2,identity,30.060000000000002,30.060000000000002,12.715380000000001,12.715380000000001,x,137.58462,163.01538000000002,149.02846200000002,151.571538,protocol_definition_required,preexisting_protocol_gap,表面量依赖表面定义、网格、几何和面积权重；B3LYP/6-31G**本身不足以固定表面统计量。,明确半径表面或电子密度等值面、网格与面积积分收敛。,R15
property_calculation_basic,property_calculation_basic_027_pyrrole_surface_esp_variance,surface_electrostatic_potential_total_variance,178.25,(kcal/mol)^2,identity,62.387499999999996,62.387499999999996,53.091762499999994,53.091762499999994,x,125.15823750000001,231.3417625,172.94082375,183.55917625,protocol_definition_required,preexisting_protocol_gap,表面量依赖表面定义、网格、几何和面积权重；B3LYP/6-31G**本身不足以固定表面统计量。,明确半径表面或电子密度等值面、网格与面积积分收敛。,R15
property_calculation_basic,property_calculation_basic_028_urea_crystal_density,crystal_density,1.333,g/cm^3,identity,0.2666,0.2666,0.1333,0.1333,x,1.1997,1.4663,1.31967,1.34633,independent_calibration,candidate_scale_choice,题目已明确M/V(0.001)代理定义；统一10%零分/1%高分相对误差形式可解释，不能用实验晶体不确定度代替代理计算误差。,同代理公式、几何/等值面数值收敛及与该gold一致的误差锚点。,LOCAL
property_calculation_basic,property_calculation_basic_029_tnt_crystal_density,crystal_density,1.71,g/cm^3,identity,0.342,0.342,0.171,0.171,x,1.539,1.881,1.6929,1.7270999999999999,independent_calibration,candidate_scale_choice,题目已明确M/V(0.001)代理定义；统一10%零分/1%高分相对误差形式可解释，不能用实验晶体不确定度代替代理计算误差。,同代理公式、几何/等值面数值收敛及与该gold一致的误差锚点。,LOCAL
property_calculation_basic,property_calculation_basic_030_picric_acid_crystal_density,crystal_density,1.831,g/cm^3,identity,0.3662,0.3662,0.1831,0.1831,x,1.6479,2.0141,1.81269,1.84931,independent_calibration,candidate_scale_choice,题目已明确M/V(0.001)代理定义；统一10%零分/1%高分相对误差形式可解释，不能用实验晶体不确定度代替代理计算误差。,同代理公式、几何/等值面数值收敛及与该gold一致的误差锚点。,LOCAL
property_calculation_basic,property_calculation_basic_031_allyl_radical_c1_spin_density,spin_density,-0.266,dimensionless,identity,0.21280000000000002,0.21280000000000002,0.10640000000000001,0.10640000000000001,x,-0.3724,-0.15960000000000002,-0.27664,-0.25536000000000003,prompt_gold_reconciliation,preexisting_prompt_semantic_change,740f58b把零基索引1中间碳改成radical-center；SMILES局域自由基标记在索引0。确定存在指代变化，尚未重算证明gold错误。,从原始UDFT输出核对atom mapping、population和gold；负局部自旋密度本身合法。,R7;LOCAL
property_calculation_basic,property_calculation_basic_032_benzyl_radical_para_c_spin_density,spin_density,0.301,dimensionless,identity,0.24080000000000001,0.24080000000000001,0.0768152,0.0768152,x,0.2241848,0.3778152,0.29331848,0.30868152,protocol_definition_required,preexisting_protocol_gap,局部自旋密度可为负；UB3LYP及基组已指定，但分区方案、几何、自旋解和独立误差未完整给出。,原始自旋密度输出、population scheme、原子映射、UDFT稳定性和自旋污染。,R7
property_calculation_basic,property_calculation_basic_033_phenoxy_radical_o_spin_density,spin_density,0.415,dimensionless,identity,0.332,0.332,0.26792400000000005,0.26792400000000005,x,0.14707599999999993,0.6829240000000001,0.3882076,0.4417924,protocol_definition_required,preexisting_protocol_gap,局部自旋密度可为负；UB3LYP及基组已指定，但分区方案、几何、自旋解和独立误差未完整给出。,原始自旋密度输出、population scheme、原子映射、UDFT稳定性和自旋污染。,R7
property_calculation_basic,property_calculation_basic_034_indole_c3_fukui_minus,fukui_function,0.076,dimensionless,identity,0.076,0.076,0.038,0.038,x,0.038,0.11399999999999999,0.0722,0.0798,protocol_definition_required,preexisting_protocol_gap,Fukui数值是定义相关描述符；gold的50%零分宽度只是统一经验规则，尚无误差校准。,指定xTB实现、N±1态、电荷分区及垂直/绝热几何处理。,R6;R7
property_calculation_basic,property_calculation_basic_035_chloronitrobenzene_c_fukui_plus,fukui_function,0.055,dimensionless,identity,0.055,0.055,0.0275,0.0275,x,0.0275,0.0825,0.05225,0.05775,protocol_definition_required,preexisting_protocol_gap,Fukui数值是定义相关描述符；gold的50%零分宽度只是统一经验规则，尚无误差校准。,指定xTB实现、N±1态、电荷分区及垂直/绝热几何处理。,R6;R7
property_calculation_basic,property_calculation_basic_036_furfural_carbonyl_c_fukui_plus,fukui_function,0.07,dimensionless,identity,0.07,0.07,0.035,0.035,x,0.035,0.10500000000000001,0.0665,0.07350000000000001,protocol_definition_required,preexisting_protocol_gap,Fukui数值是定义相关描述符；gold的50%零分宽度只是统一经验规则，尚无误差校准。,指定xTB实现、N±1态、电荷分区及垂直/绝热几何处理。,R6;R7
property_calculation_basic,property_calculation_basic_037_benzene_standard_entropy,standard_entropy,64.67,cal/(mol*K),identity,7.7604,7.7604,3.8802,3.8802,x,60.7898,68.5502,64.28198,65.05802,independent_calibration,candidate_scale_choice,0.134–0.388 cal/(mol*K)高分误差应解释成评分精度，而非NIST实验uncertainty；本轮只确证CH4/NH3/CO2数值。,逐条热化学来源、1bar/1atm、转动对称数/低频处理、允许的预测误差。,R12;R13;R14
property_calculation_basic,property_calculation_basic_038_acetonitrile_standard_entropy,standard_entropy,57.88,cal/(mol*K),identity,6.9456,6.9456,3.4728,3.4728,x,54.4072,61.3528,57.532720000000005,58.22728,independent_calibration,candidate_scale_choice,0.134–0.388 cal/(mol*K)高分误差应解释成评分精度，而非NIST实验uncertainty；本轮只确证CH4/NH3/CO2数值。,逐条热化学来源、1bar/1atm、转动对称数/低频处理、允许的预测误差。,R12;R13;R14
property_calculation_basic,property_calculation_basic_039_neopentane_standard_entropy,standard_entropy,73.88,cal/(mol*K),identity,8.865599999999999,8.865599999999999,1.3387055999999997,1.3387055999999997,x,72.5412944,75.21870559999999,73.74612943999999,74.01387056,independent_calibration,candidate_sample_boundary_fit,tau=1.3387056紧贴GPT/off误差1.34；与其他熵题严格程度不同缺独立证据。本轮未查获该分子NIST精确熵数据。,原始热化学来源及误差、标准态、转动/低频协议与独立复现。,LOCAL
property_calculation_basic,property_calculation_basic_040_methane_standard_entropy,standard_entropy,44.4,cal/(mol*K),identity,5.327999999999999,5.327999999999999,2.6639999999999997,2.6639999999999997,x,41.736,47.064,44.1336,44.666399999999996,independent_calibration,candidate_scale_choice,0.134–0.388 cal/(mol*K)高分误差应解释成评分精度，而非NIST实验uncertainty；本轮只确证CH4/NH3/CO2数值。,逐条热化学来源、1bar/1atm、转动对称数/低频处理、允许的预测误差。,R12;R13;R14
property_calculation_basic,property_calculation_basic_041_ammonia_standard_entropy,standard_entropy,45.92,cal/(mol*K),identity,5.5104,5.5104,2.7552,2.7552,x,43.1648,48.675200000000004,45.64448,46.19552,independent_calibration,candidate_scale_choice,0.134–0.388 cal/(mol*K)高分误差应解释成评分精度，而非NIST实验uncertainty；本轮只确证CH4/NH3/CO2数值。,逐条热化学来源、1bar/1atm、转动对称数/低频处理、允许的预测误差。,R12;R13;R14
property_calculation_basic,property_calculation_basic_042_carbon_dioxide_standard_entropy,standard_entropy,51.18,cal/(mol*K),identity,6.1415999999999995,6.1415999999999995,3.0707999999999998,3.0707999999999998,x,48.1092,54.2508,50.87292,51.48708,independent_calibration,candidate_scale_choice,0.134–0.388 cal/(mol*K)高分误差应解释成评分精度，而非NIST实验uncertainty；本轮只确证CH4/NH3/CO2数值。,逐条热化学来源、1bar/1atm、转动对称数/低频处理、允许的预测误差。,R12;R13;R14
property_calculation_basic,property_calculation_basic_043_acetic_acid_dimerization_enthalpy,dimerization_enthalpy,-16.04,kcal/mol,identity,3.0,3.0,1.158,1.158,x,-17.198,-14.882,-16.1558,-15.924199999999999,protocol_definition_required,preexisting_protocol_gap,高分误差0.1158 kcal/mol可能作为严格协议目标；构象、热修正和参考状态的误差尚未分开。,GFN2版本、环状二聚体最低构象、电子/ZPE/热项与标准态。,R5;R6
property_calculation_basic,property_calculation_basic_044_caffeine_most_negative_mulliken_atom,most_negative_mulliken_atom,11 O,,categorical,,,,,,,,,,no_numeric_tolerance,unchanged_categorical,无数值宽度；B044保留索引正确1、O元素正确但索引不符0.5的既有规则。,按既有身份/相名/比例规则另审来源；本轮仅标记不适用。,LOCAL
property_calculation_basic,property_calculation_basic_045_trifluoroacetic_acid_hydrogen_charge,mulliken_charge,0.364,e,identity,0.273,0.273,0.1365,0.1365,x,0.22749999999999998,0.5005,0.35035,0.37765,independent_calibration,candidate_scale_choice,90分误差0.01365 e并非显然非法；Mulliken电荷不是与分区无关的可观测原子电荷。,同方法、同几何、同原子映射与分析实现的独立复现。,R6;R7
property_calculation_basic,property_calculation_basic_046_methyl_azide_most_negative_mulliken_atom,most_negative_mulliken_atom,3 N,,categorical,,,,,,,,,,no_numeric_tolerance,unchanged_categorical,非数值字段，本轮不改变，也不以容差审查认证其gold与规则。,按既有身份/相名/比例规则另审来源；本轮仅标记不适用。,LOCAL
property_calculation_basic,property_calculation_basic_047_formaldehyde_s1_vertical_excitation_energy,vertical_excitation_energy,4.12,eV,identity,1.0,1.0,0.5,0.5,x,3.62,4.62,4.07,4.17,independent_calibration,candidate_scale_choice,固定RI-TDA-B3LYP/def2-SVP的复现误差应与实验激发能误差分开；B050比其余题严格约2.8倍缺独立证据。,ground-state几何、根识别、溶剂、版本和数值收敛；不与吸收峰/0-0能量混用。,R9;LOCAL
property_calculation_basic,property_calculation_basic_048_acetaldehyde_s1_vertical_excitation_energy,vertical_excitation_energy,4.42,eV,identity,1.0,1.0,0.5,0.5,x,3.92,4.92,4.37,4.47,independent_calibration,candidate_scale_choice,固定RI-TDA-B3LYP/def2-SVP的复现误差应与实验激发能误差分开；B050比其余题严格约2.8倍缺独立证据。,ground-state几何、根识别、溶剂、版本和数值收敛；不与吸收峰/0-0能量混用。,R9;LOCAL
property_calculation_basic,property_calculation_basic_049_acetone_s1_vertical_excitation_energy,vertical_excitation_energy,4.51,eV,identity,1.0,1.0,0.5,0.5,x,4.01,5.01,4.46,4.56,independent_calibration,candidate_scale_choice,固定RI-TDA-B3LYP/def2-SVP的复现误差应与实验激发能误差分开；B050比其余题严格约2.8倍缺独立证据。,ground-state几何、根识别、溶剂、版本和数值收敛；不与吸收峰/0-0能量混用。,R9;LOCAL
property_calculation_basic,property_calculation_basic_050_pyrazine_s1_vertical_excitation_energy,vertical_excitation_energy,4.04,eV,identity,1.0,1.0,0.18,0.18,x,3.86,4.22,4.022,4.058,independent_calibration,candidate_scale_choice,固定RI-TDA-B3LYP/def2-SVP的复现误差应与实验激发能误差分开；B050比其余题严格约2.8倍缺独立证据。,ground-state几何、根识别、溶剂、版本和数值收敛；不与吸收峰/0-0能量混用。,R9;LOCAL
property_calculation_basic,property_calculation_basic_051_formaldehyde_t1_vertical_excitation_energy,vertical_excitation_energy,3.39,eV,identity,1.0,1.0,0.5,0.5,x,2.89,3.89,3.3400000000000003,3.44,independent_calibration,candidate_scale_choice,固定RI-TDA-B3LYP/def2-SVP的复现误差应与实验激发能误差分开；B050比其余题严格约2.8倍缺独立证据。,ground-state几何、根识别、溶剂、版本和数值收敛；不与吸收峰/0-0能量混用。,R9;LOCAL
property_calculation_advanced,property_calculation_advanced_001_free_energy,free_energy_difference,0.258031679,kJ/mol,identity,10.0,10.0,2.55,2.55,x,-2.2919683209999997,2.808031679,0.0030316790000000093,0.513031679,inherited_domain_issue,preexisting_domain_candidate_reduces,绝对差不能为负；-0.1 kJ/mol旧得96.42、候选85.96分。候选零分宽度相对于0.258 gold仍大。,固定G/F、温度/压力、单位归一化与振动模型；单独处理非负域。,LOCAL
property_calculation_advanced,property_calculation_advanced_002_crystal_phase,potential_energy_difference,0.079,eV,identity,1.0,1.0,7.88,7.88,x,-7.801,7.959,-0.7090000000000001,0.867,candidate_width_not_supported,preexisting_domain_candidate_worsens,宽度约为gold的100倍，0 eV得99分，-0.1 eV得97.73分；缺归一化与方法证据。,明确每晶胞/分子/化学式单位、势能方法与优化；独立校准后重定宽度。,LOCAL
property_calculation_advanced,property_calculation_advanced_002_crystal_phase,ambient_pressure_phase,alpha,,categorical,,,,,,,,,,no_numeric_tolerance,unchanged_categorical,非数值字段，本轮不改变，也不以容差审查认证其gold与规则。,按既有身份/相名/比例规则另审来源；本轮仅标记不适用。,LOCAL
property_calculation_advanced,property_calculation_advanced_002_crystal_phase,high_pressure_phase,beta,,categorical,,,,,,,,,,no_numeric_tolerance,unchanged_categorical,非数值字段，本轮不改变，也不以容差审查认证其gold与规则。,按既有身份/相名/比例规则另审来源；本轮仅标记不适用。,LOCAL
property_calculation_advanced,property_calculation_advanced_003_hbond_count,hydrogen_bond_count,12,count,identity,3.0,3.0,1.9980000000000002,1.9980000000000002,x,10.001999999999999,13.998000000000001,11.8002,12.1998,independent_calibration,candidate_scale_choice,整数距离线性评分可行；错1个约49.95、错2个0分，1.998不比圆整2更有化学解释。,氢键几何/电子判据、周期重复计数、供受体规则及整数输入语义。,R16
property_calculation_advanced,property_calculation_advanced_004_ir_top2_frequencies,frequency_1,1208.1,cm^-1,identity,100.0,100.0,100.0,100.0,x,1108.1,1308.1,1198.1,1218.1,independent_calibration,unchanged_width_preexisting_protocol_gap,90分误差10 cm^-1可作候选；目标是指定方法的harmonic频率，不应拿实验fundamental缩放作为同协议误差。,最低构象、几何优化、未缩放harmonic定义及IR强度top-2选择稳定性。,LOCAL
property_calculation_advanced,property_calculation_advanced_004_ir_top2_frequencies,frequency_2,1685.56,cm^-1,identity,100.0,100.0,100.0,100.0,x,1585.56,1785.56,1675.56,1695.56,independent_calibration,unchanged_width_preexisting_protocol_gap,90分误差10 cm^-1可作候选；目标是指定方法的harmonic频率，不应拿实验fundamental缩放作为同协议误差。,最低构象、几何优化、未缩放harmonic定义及IR强度top-2选择稳定性。,LOCAL
property_calculation_advanced,property_calculation_advanced_005_crystal_density,crystal_density,1.44728,g/cm^3,identity,0.2,0.2,0.10260000000000001,0.10260000000000001,x,1.3446799999999999,1.54988,1.43702,1.4575399999999998,reference_reconciliation,preexisting_protocol_gap,高分误差约0.71%，量级可作为近似预测候选；未唯一指定晶型、cell和温度。,对应CCDC条目/水合物状态与密度来源及允许的近似预测误差。,LOCAL
property_calculation_advanced,property_calculation_advanced_006_cocrystal_ratio,cocrystal_molar_ratio,1:1,,categorical,,,,,,,,,,no_numeric_tolerance,unchanged_categorical,无数值宽度；共晶1:1满分、1:2/2:1部分分保持原样。,按既有身份/相名/比例规则另审来源；本轮仅标记不适用。,LOCAL
property_calculation_advanced,property_calculation_advanced_007_polymorph_free_energy_crossover,lower_free_energy_at_0k,FormC,,categorical,,,,,,,,,,no_numeric_tolerance,unchanged_categorical,非数值字段，本轮不改变，也不以容差审查认证其gold与规则。,按既有身份/相名/比例规则另审来源；本轮仅标记不适用。,LOCAL
property_calculation_advanced,property_calculation_advanced_007_polymorph_free_energy_crossover,crossover_temperature,343.15,K,identity,200.0,200.0,85.39999999999999,85.39999999999999,x,257.75,428.54999999999995,334.60999999999996,351.69,protocol_definition_required,preexisting_protocol_gap,交叉温度误差取决于DeltaG与DeltaS；85.4 K需热力学误差传播依据。,冻结G(T)、压力、晶型与归一化，并记录DeltaS和自由能误差。,LOCAL
property_calculation_advanced,property_calculation_advanced_008_interaction_binding_energy,interaction_energy,-69.04,kcal/mol,absolute,20.0,20.0,10.0,10.0,abs(x),59.040000000000006,79.04,68.04,70.04,inherited_sign_issue,preexisting_transform_unchanged,题面保号但absolute变换让正的gold幅值也满分，任何正容差都不能修复此冲突。,单独修正保号语义；核对interaction/binding的形变、CP与方法定义。,LOCAL
property_calculation_advanced,property_calculation_advanced_008_interaction_binding_energy,binding_energy,-58.15,kcal/mol,absolute,20.0,20.0,10.0,10.0,abs(x),48.15,68.15,57.15,59.15,inherited_sign_issue,preexisting_transform_unchanged,题面保号但absolute变换让正的gold幅值也满分，任何正容差都不能修复此冲突。,单独修正保号语义；核对interaction/binding的形变、CP与方法定义。,LOCAL
property_calculation_advanced,property_calculation_advanced_009_homo_lumo_gap,homo_lumo_gap,7.26,eV,identity,2.0,2.0,4.62,4.62,x,2.6399999999999997,11.879999999999999,6.798,7.7219999999999995,protocol_definition_required,candidate_widens_unresolved_systematic_gap,HOMO-LUMO应指定轨道模型，不能用fundamental/optical gap替代；4.62 eV没有同协议误差依据。0 eV仍得零分。,核对gold的电子结构方法、几何与gap定义；调查四组共同约3.56 eV的原因。,R9
property_calculation_advanced,property_calculation_advanced_010_hbond_distances,oh_bond_distance,1.029,angstrom,absolute,0.3,0.3,0.3,0.3,abs(x),0.7289999999999999,1.329,0.9989999999999999,1.059,inherited_sign_issue,preexisting_transform_and_width_unchanged,absolute变换使负距离满分；0.3 Å是零分宽度，90分需0.03 Å，不能只凭支撑宽就否定其高分精度。,先记录负距离域缺失；分别校准共价O-H及H...O，固定优化方法与目标原子。,LOCAL
property_calculation_advanced,property_calculation_advanced_010_hbond_distances,h_o_contact_distance,1.485,angstrom,absolute,0.3,0.3,0.3,0.3,abs(x),1.185,1.7850000000000001,1.455,1.5150000000000001,inherited_sign_issue,preexisting_transform_and_width_unchanged,absolute变换使负距离满分；0.3 Å是零分宽度，90分需0.03 Å，不能只凭支撑宽就否定其高分精度。,先记录负距离域缺失；分别校准共价O-H及H...O，固定优化方法与目标原子。,LOCAL
property_calculation_advanced,property_calculation_advanced_011_accessible_pore_volume_ratio,accessible_to_inaccessible_volume_ratio,1.713,ratio,identity,0.5,0.5,2.07,2.07,x,-0.35699999999999976,3.783,1.506,1.9200000000000002,candidate_domain_regression,introduced_by_widening,支撑下界-0.357；-0.1候选得12.42而原为0。NAV孔穴体积不必等于cell体积减AV。,原始Zeo++输出字段、探针/通道半径、原子半径、周期可达性和采样误差。,R8
property_calculation_advanced,property_calculation_advanced_012_carboxyl_hydrogen_distance,carboxyl_hydrogen_distance,2.521,angstrom,identity,0.5,0.5,0.183,0.183,x,2.338,2.7039999999999997,2.5027,2.5393,independent_calibration,candidate_scale_choice,90分距离误差0.0183 Å可作候选；当前要求寻找最低构象，不能把搜索/排序不确定性当单帧坐标噪声。,独立构象搜索、能量排序、原子映射和几何复现。,LOCAL
property_calculation_advanced,property_calculation_advanced_013_halogen_bond_energy,halogen_bond_interaction_energy,-17.11,kcal/mol,absolute,5.0,5.0,1.51,1.51,abs(x),15.6,18.62,16.959,17.261,inherited_sign_issue,preexisting_transform_unchanged,正的17.11 kcal/mol与负gold同得100；I端相互作用在题面已给出，但几何/方法仍未冻结。,单列保号修复，核查相对论/基组、几何、CP及能量定义。,LOCAL
property_calculation_advanced,property_calculation_advanced_014_bay069_pka,pka,5.7,pKa,identity,2.0,2.0,0.628,0.628,x,5.072,6.328,5.6372,5.7628,protocol_definition_required,candidate_scale_choice,90分要求0.0628 pKa；SAMPL6跨分子RMSE不是BAY-069的测量不确定度，不能直接定零分阈值。,具体实验来源、溶剂/温度、微观/宏观与质子化位点定义。,R11
property_calculation_advanced,property_calculation_advanced_015_formaldehyde_socme,spin_orbit_coupling_matrix_element,0.00734,eV,log10,1.0,1.0,1.0,1.0,x,0.0007340000000000001,0.0734,0.005830369242876226,0.009240512522569189,independent_calibration,unchanged_log_width,十倍零分误差、1.259倍高分误差的log尺度可解释；单位换算支持gold，未校准tau。,明确SOCME分量/模长/三子级合成与电子结构/几何协议。,R10;LOCAL
property_calculation_advanced,property_calculation_advanced_016_anthracene_isc_rate,intersystem_crossing_rate,117000000.0,s^-1,log10,3.0,3.0,2.061,2.061,x,1016683.7022649732,13464364550.649897,72792370.3722646,188055422.9789966,protocol_definition_required,candidate_scale_choice,90分乘除1.607，零分乘除115.08；需要T1/T2及三子级、HT一致。文献极敏感性不等于此tau已验证。,独立能隙/振动/SOCME敏感性与完整通道协议、分数效用锚点。,R10
property_calculation_advanced,property_calculation_advanced_017_biacetyl_phosphorescence_rate,phosphorescence_rate,98.0,s^-1,log10,2.0,3.0,0.76,1.1400000000000001,x,17.03044812174388,1352.7765793108276,82.26707867890096,127.41661864726244,independent_calibration,candidate_preserves_old_asymmetry,左右0.76/1.14 decades非对称；零分支撑17.03–1352.78 s^-1。手册实验102为77 K，不能作为298 K同条件误差。,三triplet子级Boltzmann平均、298 K同协议结果、独立非对称宽度依据。,R10
property_calculation_advanced,property_calculation_advanced_018_anthracene_ht_contribution,herzberg_teller_contribution,100.0,percent,identity,10.0,1.0,10.0,1.0,x,90,101,99,100.1,definition_required,unchanged_domain_interpretation,若为非负FC/HT率的归一化百分数，应限定0–100；100.5当前得50。含干涉的贡献定义须另行说明，不能普遍假设上限。,归一化及干涉处理定义；据定义决定物理域，保留线性评分的单独域审查。,R10
property_calculation_advanced,property_calculation_advanced_019_acetophenone_isc_rate,intersystem_crossing_rate,28400000000.0,s^-1,log10,3.0,3.0,2.241,2.241,x,163049075.266881,4946731520432.186,16951898370.711647,47579331963.99527,protocol_definition_required,candidate_scale_choice,90分乘除1.675、零分乘除174.18；三子级求和gold有维护依据，具体log宽度无独立验证。,完整HT/子级/能隙/几何协议及独立误差锚点。,R10
property_calculation_advanced,property_calculation_advanced_020_azulene_internal_conversion_rate,internal_conversion_rate,382000000.0,s^-1,log10,3.0,3.0,3.0,3.0,x,382000,382000000000,191453523.245618,762190204.318112,independent_calibration,unchanged_log_width,90分约两倍误差，零分乘除1000；上下端相差百万倍并不等于相对gold百万倍。ORCA示例支持gold，未支持tau=3。,独立同协议误差与可接受数量级偏差；不能把显式溶剂缺失直接当随机误差。,R10
